<?xml version="1.0" encoding="UTF-8"?>
<project-private xmlns="http://www.netbeans.org/ns/project-private/1">
    <editor-bookmarks xmlns="http://www.netbeans.org/ns/editor-bookmarks/2" lastBookmarkId="0"/>
    <open-files xmlns="http://www.netbeans.org/ns/projectui-open-files/2">
        <group>
            <file>file:/C:/Users/Jetsu/OneDrive/Desktop/Sem%202/Object%20Oriented%20Programming/VehicleRegistrationMenu/src/vehicleregistrationmenu/Owner.java</file>
            <file>file:/C:/Users/Jetsu/OneDrive/Desktop/Sem%202/Object%20Oriented%20Programming/VehicleRegistrationMenu/src/vehicleregistrationmenu/Vehicle.java</file>
            <file>file:/C:/Users/Jetsu/OneDrive/Desktop/Sem%202/Object%20Oriented%20Programming/VehicleRegistrationMenu/src/vehicleregistrationmenu/HeavyVehicle.java</file>
            <file>file:/C:/Users/Jetsu/OneDrive/Desktop/Sem%202/Object%20Oriented%20Programming/VehicleRegistrationMenu/src/vehicleregistrationmenu/PrivateOwner.java</file>
            <file>file:/C:/Users/Jetsu/OneDrive/Desktop/Sem%202/Object%20Oriented%20Programming/VehicleRegistrationMenu/src/vehicleregistrationmenu/VehicleRegistrationMenu.java</file>
            <file>file:/C:/Users/Jetsu/OneDrive/Desktop/Sem%202/Object%20Oriented%20Programming/VehicleRegistrationMenu/src/vehicleregistrationmenu/LightVehicle.java</file>
            <file>file:/C:/Users/Jetsu/OneDrive/Desktop/Sem%202/Object%20Oriented%20Programming/VehicleRegistrationMenu/src/vehicleregistrationmenu/CorporateOwner.java</file>
        </group>
    </open-files>
</project-private>
